<?xml version="1.0" encoding="UTF-8" ?> 
 
<!DOCTYPE mapper
PUBLIC "-//mybatis.org//DTD Mapper 3.0//EN"
"http://mybatis.org/dtd/mybatis-3-mapper.dtd">

<mapper namespace="com.study.board.BoardMapper">

	<!-- Board List - all -->
	<resultMap type="com.study.board.BoardDTO" id="boardlist">
		<result property="weather_category" column="weather_category"/>
		<result property="title" column="title"/>
		<result property="create_date" column="create_date"/>
		<result property="view_cnt" column="view_cnt"/>
		<result property="like_cnt" column="like_cnt"/>
		
		<association property="udto" javaType="com.study.user.UserDTO">
			<result property="username" column="username"/>
			<result property="nation" column="nation"/>
		</association>
	</resultMap>
	<select id="list" parameterType="Map" resultMap="boardlist">
		select b.weather_category, b.title, u.username, b.create_date,
		b.view_cnt, b.recommend_cnt
		from board b inner join user u
		on b.user_no = u.user_no
		limit #{sno}, #{eno}
		<!-- 
		<where>
			<choose>
				<when test="col==title">
					title like concat('%', #{word}, '%')
				</when>
				<when test="col==username">
					username like concat('%', #{word}, '%')
				</when>
			</choose>
		</where>
		-->
	</select>
	
	<!-- Board List - sunny -->
	<resultMap type="com.study.board.BoardDTO" id="boardlist_sunny">
		<result property="weather_category" column="weather_category"/>
		<result property="title" column="title"/>
		<result property="create_date" column="create_date"/>
		<result property="view_cnt" column="view_cnt"/>
		<result property="like_cnt" column="like_cnt"/>
		
		<association property="udto" javaType="com.study.user.UserDTO">
			<result property="username" column="username"/>
			<result property="nation" column="nation"/>
		</association>
	</resultMap>
	<select id="list_sunny" parameterType="Map" resultMap="boardlist_sunny">
		select b.weather_category, b.title, u.username, b.create_date,
	    b.view_cnt, b.recommend_cnt
		from board b inner join user u
		on b.user_no = u.user_no and b.weather_category = '맑음'
		limit #{sno}, #{eno}
		<!-- 
		<where>
			<choose>
				<when test="col==title">
					title like concat('%', #{word}, '%')
				</when>
				<when test="col==username">
					username like concat('%', #{word}, '%')
				</when>
			</choose>
		</where>
		-->
	</select>
	
	<!-- Board List - fog -->
	<resultMap type="com.study.board.BoardDTO" id="boardlist_fog">
		<result property="weather_category" column="weather_category"/>
		<result property="title" column="title"/>
		<result property="create_date" column="create_date"/>
		<result property="view_cnt" column="view_cnt"/>
		<result property="like_cnt" column="like_cnt"/>
		
		<association property="udto" javaType="com.study.user.UserDTO">
			<result property="username" column="username"/>
			<result property="nation" column="nation"/>
		</association>
	</resultMap>
	<select id="list_fog" parameterType="Map" resultMap="boardlist_fog">
		select b.weather_category, b.title, u.username, b.create_date,
	    b.view_cnt, b.recommend_cnt
		from board b inner join user u
		on b.user_no = u.user_no and b.weather_category = '흐림'
		limit #{sno}, #{eno}
		<!-- 
		<where>
			<choose>
				<when test="col==title">
					title like concat('%', #{word}, '%')
				</when>
				<when test="col==username">
					username like concat('%', #{word}, '%')
				</when>
			</choose>
		</where>
		-->
	</select>
	
	<!-- Board List - rain -->
	<resultMap type="com.study.board.BoardDTO" id="boardlist_rain">
		<result property="weather_category" column="weather_category"/>
		<result property="title" column="title"/>
		<result property="create_date" column="create_date"/>
		<result property="view_cnt" column="view_cnt"/>
		<result property="like_cnt" column="like_cnt"/>
		
		<association property="udto" javaType="com.study.user.UserDTO">
			<result property="username" column="username"/>
			<result property="nation" column="nation"/>
		</association>
	</resultMap>
	<select id="list_rain" parameterType="Map" resultMap="boardlist_rain">
		select b.weather_category, b.title, u.username, b.create_date,
	    b.view_cnt, b.recommend_cnt
		from board b inner join user u
		on b.user_no = u.user_no and b.weather_category = '비'
		limit #{sno}, #{eno}
		<!-- 
		<where>
			<choose>
				<when test="col==title">
					title like concat('%', #{word}, '%')
				</when>
				<when test="col==username">
					username like concat('%', #{word}, '%')
				</when>
			</choose>
		</where>
		-->
	</select>
	 
	
	<select id="total" parameterType="Map" resultType="int">
		select count(*) from board
		<where>
			<choose>
				<when test="col=='username'">
					wname like concat('%', #{word}, '%')
				</when>
				<when test="col=='title'">
					title like concat('%', #{word}, '%')
				</when>
			</choose>
		</where>            
	</select>
	

</mapper>